                  epoch,         train/box_loss,         train/cls_loss,         train/dfl_loss,   metrics/precision(B),      metrics/recall(B),       metrics/mAP50(B),    metrics/mAP50-95(B),           val/box_loss,           val/cls_loss,           val/dfl_loss,                 lr/pg0,                 lr/pg1,                 lr/pg2
                      1,                 1.7609,                 4.2924,                 1.1098,                0.00759,                0.41638,                0.04161,                0.02077,                 1.6128,                 4.3529,                0.95038,             0.00014007,             0.00014007,             0.00014007
                      2,                 1.5491,                 1.9968,                0.98809,                0.01198,                 0.4505,                0.12028,                0.07432,                 1.4405,                 3.4379,                0.94102,             0.00028397,             0.00028397,             0.00028397
                      3,                  1.455,                 1.6523,                0.96773,                0.00895,                0.36541,                 0.1244,                0.07529,                  1.333,                 2.9859,                0.93378,             0.00042497,             0.00042497,             0.00042497
                      4,                 1.4158,                 1.5504,                0.97306,                0.94866,                0.03886,                0.15778,                0.09306,                  1.338,                 2.7702,                0.93903,             0.00056306,             0.00056306,             0.00056306
                      5,                 1.3374,                 1.8894,                0.92555,                0.85157,                0.18019,                0.18777,                0.11086,                 1.3301,                 1.9271,                0.93945,             0.00064059,             0.00064059,             0.00064059
                      6,                 1.3685,                  1.252,                0.94675,                0.87109,                0.18745,                0.20751,                0.12597,                 1.2706,                 1.5617,                0.93573,             0.00064059,             0.00064059,             0.00064059
